Rk,Player,Tm,Age,Pos,G,GS,Tgt,Rec,Ctch%,Yds?,Y/R,TD,1D,Lng,Y/Tgt,R/G,Y/G,Fmb
1,Cooper Kupp*+\KuppCo00,LAR,28,WR,17,17,191,145,0.759,1947,13.4,16,89,59,10.2,8.5,114.5,0
2,Justin Jefferson*\JeffJu00,MIN,22,WR,17,17,167,108,0.647,1616,15,10,75,56,9.7,6.4,95.1,1
3,Davante Adams*+\AdamDa01,GNB,29,WR,16,16,169,123,0.728,1553,12.6,11,84,59,9.2,7.7,97.1,0
4,Ja'Marr Chase*\ChasJa00,CIN,21,WR,17,17,128,81,0.633,1455,18,13,56,82,11.4,4.8,85.6,2
5,Deebo Samuel*+\SamuDe00,SFO,25,WR,16,15,121,77,0.636,1405,18.2,6,51,83,11.6,4.8,87.8,4
6,Mark Andrews*+\AndrMa00,BAL,26,te,17,9,153,107,0.699,1361,12.7,9,75,43,8.9,6.3,80.1,1
7,Tyreek Hill*\HillTy00,KAN,27,WR,17,16,159,111,0.698,1239,11.2,9,75,75,7.8,6.5,72.9,2
8,Stefon Diggs*\DiggSt00,BUF,28,WR,17,17,164,103,0.628,1225,11.9,10,66,61,7.5,6.1,72.1,1
9,Tyler Lockett\LockTy00,SEA,29,WR,16,16,107,73,0.682,1175,16.1,8,41,69,11,4.6,73.4,0
10,Diontae Johnson*\JohnDi01,PIT,25,WR,16,14,169,107,0.633,1161,10.9,8,59,50,6.9,6.7,72.6,2
11,D.J. Moore\MoorD.00,CAR,24,WR,17,17,163,93,0.571,1157,12.4,4,60,64,7.1,5.5,68.1,1
12,Mike Williams\WillMi07,LAC,27,WR,16,14,129,76,0.589,1146,15.1,9,51,72,8.9,4.8,71.6,0
13,Keenan Allen*\AlleKe00,LAC,29,WR,16,16,157,106,0.675,1138,10.7,6,66,42,7.2,6.6,71.1,1
14,Travis Kelce*\KelcTr00,KAN,32,TE,16,16,134,92,0.687,1125,12.2,9,63,69,8.4,5.8,70.3,1
15,Chris Godwin\GodwCh00,TAM,25,WR,14,14,127,98,0.772,1103,11.3,5,55,44,8.7,7,78.8,2
16,CeeDee Lamb*\LambCe00,DAL,22,WR,16,13,120,79,0.658,1102,13.9,6,54,49,9.2,4.9,68.9,0
17,Tee Higgins\HiggTe00,CIN,22,WR,14,14,110,74,0.673,1091,14.7,6,53,54,9.9,5.3,77.9,1
18,Michael Pittman Jr.\PittMi01,IND,24,WR,17,17,129,88,0.682,1082,12.3,6,54,57,8.4,5.2,63.6,1
19,Darnell Mooney\MoonDa00,CHI,24,WR,17,14,140,81,0.579,1055,13,4,49,64,7.5,4.8,62.1,0
20,Terry McLaurin\McLaTe00,WAS,26,WR,17,17,130,77,0.592,1053,13.7,5,47,46,8.1,4.5,61.9,0
21,Hunter Renfrow*\RenfHu00,LVR,26,wr,17,9,128,103,0.805,1038,10.1,9,51,54,8.1,6.1,61.1,5
22,Brandin Cooks\CookBr00,HOU,28,WR,16,16,134,90,0.672,1037,11.5,6,45,52,7.7,5.6,64.8,0
23,Mike Evans*\EvanMi00,TAM,28,WR,16,16,114,74,0.649,1035,14,14,56,46,9.1,4.6,64.7,0
24,Kyle Pitts*\PittKy00,ATL,21,TE,17,15,110,68,0.618,1026,15.1,1,43,61,9.3,4,60.4,0
25,Jaylen Waddle\WaddJa00,MIA,23,WR,16,16,140,104,0.743,1015,9.8,6,59,57,7.3,6.5,63.4,2
26,Marquise Brown\BrowMa04,BAL,24,WR,16,16,146,91,0.623,1008,11.1,6,41,49,6.9,5.7,63,3
27,Christian Kirk\KirkCh01,ARI,25,WR,17,11,103,77,0.748,982,12.8,5,44,50,9.5,4.5,57.8,0
28,D.K. Metcalf\MetcDK00,SEA,24,WR,17,17,129,75,0.581,967,12.9,12,48,84,7.5,4.4,56.9,1
29,DeVonta Smith\SmitDe07,PHI,23,WR,17,16,104,64,0.615,916,14.3,5,43,46,8.8,3.8,53.9,1
30,Amon-Ra St. Brown\StxxAm00,DET,22,wr,17,9,119,90,0.756,912,10.1,5,48,37,7.7,5.3,53.6,0
31,George Kittle*\KittGe00,SFO,28,TE,14,14,94,71,0.755,910,12.8,6,42,48,9.7,5.1,65,2
32,A.J. Brown\BrowAJ00,TEN,24,WR,13,13,105,63,0.6,869,13.8,5,45,57,8.3,4.8,66.8,0
33,Jakobi Meyers\MeyeJa01,NWE,25,WR,17,16,126,83,0.659,866,10.4,2,42,39,6.9,4.9,50.9,1
34,Amari Cooper\CoopAm00,DAL,27,WR,15,14,104,68,0.654,865,12.7,8,45,41,8.3,4.5,57.7,1
35,Chase Claypool\ClayCh01,PIT,23,WR,15,13,105,59,0.562,860,14.6,2,35,59,8.2,3.9,57.3,0
36,A.J. Green\GreeA.00,ARI,33,wr,16,9,92,54,0.587,848,15.7,3,37,42,9.2,3.4,53,0
37,Marvin Jones\JoneMa02,JAX,31,WR,17,16,120,73,0.608,832,11.4,4,42,33,6.9,4.3,48.9,0
38,Dallas Goedert\GoedDa00,PHI,26,TE,15,14,76,56,0.737,830,14.8,4,42,45,10.9,3.7,55.3,1
39,Tyler Boyd\BoydTy00,CIN,27,wr,16,10,94,67,0.713,828,12.4,5,37,68,8.8,4.2,51.8,1
40,Brandon Aiyuk\AiyuBr00,SFO,23,WR,17,16,84,56,0.667,826,14.8,5,37,43,9.8,3.3,48.6,2
41,Dalton Schultz\SchuDa00,DAL,25,TE,17,15,104,78,0.75,808,10.4,8,43,32,7.8,4.6,47.5,0
42,Rob Gronkowski\GronRo00,TAM,32,TE,12,12,89,55,0.618,802,14.6,6,34,42,9,4.6,66.8,0
43,Van Jefferson\JeffVa00,LAR,25,WR,17,17,89,50,0.562,802,16,6,32,79,9,2.9,47.2,0
44,Kendrick Bourne\BourKe00,NWE,26,wr,17,5,70,55,0.786,800,14.5,5,27,75,11.4,3.2,47.1,1
45,Mike Gesicki\GesiMi00,MIA,26,te,17,9,112,73,0.652,780,10.7,2,39,40,7,4.3,45.9,0
46,Courtland Sutton\SuttCo00,DEN,26,WR,17,16,98,58,0.592,776,13.4,2,35,55,7.9,3.4,45.6,0
47,Russell Gage\GageRu00,ATL,25,wr,14,9,94,66,0.702,770,11.7,4,37,49,8.2,4.7,55,2
48,Zach Ertz\ErtzZa00,2TM,31,,17,14,112,74,0.661,763,10.3,5,40,47,6.8,4.4,44.9,0
49,Tim Patrick\PatrTi00,DEN,28,WR,16,16,85,53,0.624,734,13.8,5,39,44,8.6,3.3,45.9,0
50,Adam Thielen\ThieAd00,MIN,31,WR,13,13,95,67,0.705,726,10.8,10,37,35,7.6,5.2,55.8,1
51,Marquez Callaway\CallMa01,NOR,23,WR,17,11,84,46,0.548,698,15.2,6,32,58,8.3,2.7,41.1,0
52,Cole Beasley\BeasCo00,BUF,32,wr,16,8,112,82,0.732,693,8.5,1,34,29,6.2,5.1,43.3,1
53,Mecole Hardman\HardMe00,KAN,23,wr,17,8,83,59,0.711,693,11.7,2,33,53,8.3,3.5,40.8,3
54,Noah Fant\FantNo00,DEN,24,TE,16,16,90,68,0.756,670,9.9,4,29,35,7.4,4.3,41.9,0
55,Darren Waller\WallDa01,LVR,29,TE,11,11,93,55,0.591,665,12.1,2,31,33,7.2,5,60.5,0
56,K.J. Osborn\OsboKJ00,MIN,24,wr,17,9,82,50,0.61,655,13.1,7,26,64,8,2.9,38.5,0
57,Austin Ekeler\EkelAu00,LAC,26,RB,16,16,94,70,0.745,647,9.2,8,31,40,6.9,4.4,40.4,4
58,Quez Watkins\WatkQu00,PHI,23,WR,17,12,62,43,0.694,647,15,1,25,91,10.4,2.5,38.1,0
59,Emmanuel Sanders\SandEm00,BUF,34,WR,14,13,72,42,0.583,626,14.9,4,31,41,8.7,3,44.7,0
60,Laviska Shenault Jr.\ShenLa00,JAX,23,wr,16,10,100,63,0.63,619,9.8,0,30,58,6.2,3.9,38.7,1
61,Cole Kmet\KmetCo00,CHI,22,TE,17,17,93,60,0.645,612,10.2,0,29,25,6.6,3.5,36,0
62,Hunter Henry\HenrHu00,NWE,27,te,17,10,75,50,0.667,603,12.1,9,34,35,8,2.9,35.5,0
63,Cedrick Wilson Jr.\WilsCe01,DAL,26,wr,16,4,61,45,0.738,602,13.4,6,27,73,9.9,2.8,37.6,3
64,Donovan Peoples-Jones\PeopDo00,CLE,22,wr,14,9,58,34,0.586,597,17.6,3,26,60,10.3,2.4,42.6,2
65,Tyler Conklin\ConkTy00,MIN,26,TE,17,15,87,61,0.701,593,9.7,3,26,40,6.8,3.6,34.9,1
66,Dawson Knox\KnoxDa00,BUF,25,TE,15,14,71,49,0.69,587,12,9,31,53,8.3,3.3,39.1,0
67,T.J. Hockenson\HockTJ00,DET,24,TE,12,12,84,61,0.726,583,9.6,4,32,33,6.9,5.1,48.6,0
68,Kalif Raymond\RaymKa00,DET,27,WR,16,14,71,48,0.676,576,12,4,28,75,8.1,3,36,0
69,DeAndre Hopkins\HopkDe00,ARI,29,wr,10,10,64,42,0.656,572,13.6,8,32,55,8.9,4.2,57.2,0
70,Bryan Edwards\EdwaBr01,LVR,23,WR,16,12,59,34,0.576,571,16.8,3,26,51,9.7,2.1,35.7,1
71,Jarvis Landry\LandJa00,CLE,29,,12,12,87,52,0.598,570,11,2,30,38,6.6,4.3,47.5,3
72,Deonte Harris\HarrDe07,NOR,24,wr,13,1,59,36,0.61,570,15.8,3,23,72,9.7,2.8,43.8,2
73,Byron Pringle\PrinBy00,KAN,28,wr,17,5,60,42,0.7,568,13.5,5,32,40,9.5,2.5,33.4,2
74,Jared Cook\CookJa02,LAC,34,te,16,10,83,48,0.578,564,11.8,4,31,42,6.8,3,35.3,0
75,Tyler Higbee\HigbTy00,LAR,28,TE,15,15,85,61,0.718,560,9.2,5,33,37,6.6,4.1,37.3,1
76,Robert Woods\WoodRo02,LAR,29,wr,9,9,69,45,0.652,556,12.4,4,34,28,8.1,5,61.8,0
77,Gabriel Davis\DaviGa01,BUF,22,wr,16,4,63,35,0.556,549,15.7,6,29,49,8.7,2.2,34.3,0
78,Cordarrelle Patterson\PattCo00,ATL,30,RB,16,13,69,52,0.754,548,10.5,5,26,64,7.9,3.3,34.3,2
79,Zay Jones\JoneZa00,LVR,26,wr,17,9,70,47,0.671,546,11.6,1,29,43,7.8,2.8,32.1,1
80,Antonio Brown\BrowAn04,TAM,33,,7,3,62,42,0.677,545,13,4,29,62,8.8,6,77.9,0
81,Elijah Moore\MoorEl00,NYJ,21,wr,11,6,77,43,0.558,538,12.5,5,24,62,7,3.9,48.9,0
82,Odell Beckham Jr.\BeckOd00,2TM,29,,14,13,82,44,0.537,537,12.2,5,27,54,6.5,3.1,38.4,0
83,Kenny Golladay\GollKe00,NYG,28,WR,14,14,76,37,0.487,521,14.1,0,27,36,6.9,2.6,37.2,0
84,Robby Anderson\AndeRo04,CAR,28,WR,17,16,110,53,0.482,519,9.8,5,27,57,4.7,3.1,30.5,0
85,Rashod Bateman\BateRa00,BAL,22,wr,12,4,68,46,0.676,515,11.2,1,29,36,7.6,3.8,42.9,0
86,DeVante Parker\ParkDe01,MIA,28,wr,10,8,73,40,0.548,515,12.9,2,29,42,7.1,4,51.5,0
87,Allen Lazard\LazaAl00,GNB,26,WR,15,13,60,40,0.667,513,12.8,8,28,42,8.6,2.7,34.2,0
88,Pat Freiermuth\FreiPa00,PIT,23,te,16,9,79,60,0.759,497,8.3,7,34,24,6.3,3.8,31.1,1
89,C.J. Uzomah\UzomC.00,CIN,28,TE,16,16,63,49,0.778,493,10.1,5,24,55,7.8,3.1,30.8,0
90,Corey Davis\DaviCo03,NYJ,26,wr,9,9,59,34,0.576,492,14.5,4,23,53,8.3,3.8,54.7,2
91,Gerald Everett\EverGe00,SEA,27,,15,12,63,48,0.762,478,10,4,26,41,7.6,3.2,31.9,2
92,Nick Westbrook-Ikhine\WestNi00,TEN,24,wr,16,7,57,38,0.667,476,12.5,4,23,46,8.4,2.4,29.8,1
93,David Njoku\NjokDa00,CLE,25,TE,16,11,53,36,0.679,475,13.2,4,17,71,9,2.3,29.7,0
94,Nelson Agholor\AghoNe00,NWE,28,WR,15,13,64,37,0.578,473,12.8,3,23,44,7.4,2.5,31.5,0
95,Henry Ruggs III\RuggHe00,LVR,22,,7,7,36,24,0.667,469,19.5,2,16,61,13,3.4,67,0
96,Najee Harris*\HarrNa00,PIT,23,RB,17,17,94,74,0.787,467,6.3,3,22,25,5,4.4,27.5,0
97,Jerry Jeudy\JeudJe00,DEN,22,wr,10,5,56,38,0.679,467,12.3,0,22,40,8.3,3.8,46.7,1
98,Leonard Fournette\FourLe00,TAM,26,RB,14,13,84,69,0.821,454,6.6,2,30,23,5.4,4.9,32.4,1
99,DeSean Jackson\JackDe00,2TM,35,,16,4,34,20,0.588,454,22.7,2,12,75,13.4,1.3,28.4,1
100,D'Andre Swift\SwifDA00,DET,22,rb,13,4,78,62,0.795,452,7.3,2,18,63,5.8,4.8,34.8,2
101,Darrel Williams\WillDa10,KAN,26,rb,17,7,57,47,0.825,452,9.6,2,19,38,7.9,2.8,26.6,0
102,Keelan Cole\ColeKe00,NYJ,28,WR,15,11,51,28,0.549,449,16,1,20,54,8.8,1.9,29.9,0
103,Jalen Guyton\GuytJa01,LAC,24,wr,16,2,48,31,0.646,448,14.5,3,21,59,9.3,1.9,28,1
104,Jamison Crowder\CrowJa00,NYJ,28,wr,12,4,71,51,0.718,447,8.8,2,24,29,6.3,4.3,37.3,1
105,Nico Collins\CollNi00,HOU,22,wr,14,8,60,33,0.55,446,13.5,1,22,32,7.4,2.4,31.9,0
106,Michael Gallup\GallMi00,DAL,25,wr,9,8,62,35,0.565,445,12.7,2,23,41,7.2,3.9,49.4,0
107,Alvin Kamara*\KamaAl00,NOR,26,rb,13,10,67,47,0.701,439,9.3,5,20,31,6.6,3.6,33.8,0
108,Rondale Moore\MoorRo02,ARI,21,wr,14,7,64,54,0.844,435,8.1,1,18,77,6.8,3.9,31.1,3
109,Laquon Treadwell\TreaLa00,JAX,26,wr,12,7,51,33,0.647,434,13.2,1,22,41,8.5,2.8,36.2,0
110,Julio Jones\JoneJu02,TEN,32,wr,10,10,48,31,0.646,434,14,1,19,51,9,3.1,43.4,0
111,Braxton Berrios+\BerrBr00,NYJ,26,wr,16,1,65,46,0.708,431,9.4,2,21,46,6.6,2.9,26.9,1
112,Marquez Valdes-Scantling\ValdMa00,GNB,27,wr,11,7,55,26,0.473,430,16.5,3,18,75,7.8,2.4,39.1,0
113,Kadarius Toney\ToneKa00,NYG,22,wr,10,4,57,39,0.684,420,10.8,0,21,38,7.4,3.9,42,0
114,Allen Robinson\RobiAl02,CHI,28,WR,12,11,66,38,0.576,410,10.8,1,22,39,6.2,3.2,34.2,0
115,Evan Engram\EngrEv00,NYG,27,TE,15,12,73,46,0.63,408,8.9,3,21,30,5.6,3.1,27.2,1
116,Dan Arnold\ArnoDa00,2TM,26,,11,4,52,35,0.673,408,11.7,0,20,28,7.8,3.2,37.1,1
117,Olamide Zaccheaus\ZaccOl01,ATL,24,wr,17,8,53,31,0.585,406,13.1,3,22,49,7.7,1.8,23.9,0
118,Brandon Bolden\BoldBr00,NWE,31,rb,17,1,49,41,0.837,405,9.9,2,21,28,8.3,2.4,23.8,1
119,J.D. McKissic\McKiJ.00,WAS,28,rb,11,3,53,43,0.811,397,9.2,2,15,56,7.5,3.9,36.1,0
120,Josh Reynolds\ReynJo00,2TM,26,,12,5,49,29,0.592,396,13.7,2,21,39,8.1,2.4,33,0
121,Sammy Watkins\WatkSa00,BAL,28,wr,13,9,49,27,0.551,394,14.6,1,17,49,8,2.1,30.3,1
122,Aaron Jones\JoneAa00,GNB,27,RB,15,15,65,52,0.8,391,7.5,6,22,26,6,3.5,26.1,2
123,Zach Pascal\PascZa00,IND,27,WR,16,13,69,38,0.551,384,10.1,3,16,41,5.6,2.4,24,1
124,Adam Humphries\HumpAd00,WAS,28,WR,17,11,62,41,0.661,383,9.3,0,23,27,6.2,2.4,22.5,0
125,Tre'Quan Smith\SmitTr03,NOR,25,wr,11,6,50,32,0.64,377,11.8,3,18,34,7.5,2.9,34.3,1
126,James Conner*\ConnJa00,ARI,26,rb,15,6,39,37,0.949,375,10.1,3,18,45,9.6,2.5,25,2
127,Randall Cobb\CobbRa00,GNB,31,wr,12,3,39,28,0.718,375,13.4,5,21,54,9.6,2.3,31.3,1
128,Foster Moreau\MoreFo00,LVR,24,TE,17,11,44,30,0.682,373,12.4,3,16,44,8.5,1.8,21.9,1
129,Ty Johnson\JohnTy02,NYJ,24,rb,16,3,55,34,0.618,372,10.9,2,20,23,6.8,2.1,23.3,2
130,Sterling Shepard\ShepSt00,NYG,28,wr,7,6,53,36,0.679,366,10.2,1,19,37,6.9,5.1,52.3,0
131,Jonathan Taylor*+\TaylJo02,IND,22,RB,17,17,51,40,0.784,360,9,2,12,76,7.1,2.4,21.2,4
132,Tyler Johnson\JohnTy00,TAM,23,wr,17,3,55,36,0.655,360,10,0,14,31,6.5,2.1,21.2,0
133,Durham Smythe\SmytDu00,MIA,26,TE,17,12,41,34,0.829,357,10.5,0,15,25,8.7,2,21,0
134,Josh Palmer\PalmJo00,LAC,23,wr,17,5,49,33,0.673,353,10.7,4,18,36,7.2,1.9,20.8,0
135,Josh Jacobs\JacoJo01,LVR,23,RB,15,14,64,54,0.844,348,6.4,0,14,29,5.4,3.6,23.2,2
136,Austin Hooper\HoopAu00,CLE,27,TE,16,16,61,38,0.623,345,9.1,3,18,34,5.7,2.4,21.6,0
137,Christian McCaffrey\McCaCh01,CAR,25,rb,7,7,41,37,0.902,343,9.3,1,21,32,8.4,5.3,49,1
138,Freddie Swain\SwaiFr00,SEA,23,wr,17,8,40,25,0.625,343,13.7,4,12,68,8.6,1.5,20.2,1
139,Darius Slayton\SlayDa01,NYG,24,wr,13,5,58,26,0.448,339,13,2,14,42,5.8,2,26.1,1
140,Tony Pollard\PollTo00,DAL,24,,15,0,46,39,0.848,337,8.6,0,15,32,7.3,2.6,22.5,2
141,T.Y. Hilton\HiltT.00,IND,32,wr,10,9,37,23,0.622,331,14.4,3,15,52,8.9,2.3,33.1,0
142,Albert Okwuegbunam\OkwuAl00,DEN,23,te,14,6,40,33,0.825,330,10,2,15,64,8.3,2.4,23.6,1
143,Damiere Byrd\ByrdDa00,CHI,28,wr,17,4,38,26,0.684,329,12.7,1,18,54,8.7,1.5,19.4,1
144,Michael Carter\CartMi03,NYJ,22,RB,14,11,55,36,0.655,325,9,0,16,23,5.9,2.6,23.2,1
145,Chris Conley\ConlCh00,HOU,29,wr,16,10,37,22,0.595,323,14.7,2,15,41,8.7,1.4,20.2,1
146,Javonte Williams\WillJa10,DEN,21,rb,17,1,53,43,0.811,316,7.3,3,12,42,6,2.5,18.6,2
147,Mo Alie-Cox\AlieMo00,IND,28,te,17,7,45,24,0.533,316,13.2,4,14,37,7,1.4,18.6,1
148,Joe Mixon*\MixoJo00,CIN,25,RB,16,16,48,42,0.875,314,7.5,3,11,52,6.5,2.6,19.6,2
149,AJ Dillon\DillAJ00,GNB,23,rb,17,2,37,34,0.919,313,9.2,2,15,50,8.5,2,18.4,2
150,Marquise Goodwin\GoodMa00,CHI,31,wr,14,2,40,20,0.5,313,15.7,1,12,50,7.8,1.4,22.4,1
151,Chase Edmonds\EdmoCh00,ARI,25,RB,12,11,53,43,0.811,311,7.2,0,11,36,5.9,3.6,25.9,1
152,Nyheim Hines\HineNy00,IND,25,rb,17,4,57,40,0.702,310,7.8,1,15,36,5.4,2.4,18.2,3
153,Jack Doyle\DoylJa00,IND,31,,17,14,43,29,0.674,302,10.4,3,18,34,7,1.7,17.8,0
154,David Montgomery\MontDa01,CHI,24,RB,13,13,51,42,0.824,301,7.2,0,18,16,5.9,3.2,23.2,1
155,Chester Rogers\RogeCh02,TEN,27,wr,16,2,43,30,0.698,301,10,1,12,39,7,1.9,18.8,4
156,Jalen Reagor\ReagJa00,PHI,22,WR,17,13,57,33,0.579,299,9.1,2,13,34,5.2,1.9,17.6,2
157,Kyle Juszczyk*\JuszKy00,SFO,30,FB,17,16,38,30,0.789,296,9.9,1,16,26,7.8,1.8,17.4,0
158,DeAndre Carter\CartDe02,WAS,28,wr,17,6,44,24,0.545,296,12.3,3,17,26,6.7,1.4,17.4,3
159,Antonio Gibson\GibsAn00,WAS,23,RB,16,14,52,42,0.808,294,7,3,12,73,5.7,2.6,18.4,6
160,Jonnu Smith\SmitJo01,NWE,26,TE,16,11,45,28,0.622,294,10.5,1,15,28,6.5,1.8,18.4,1
161,Anthony Firkser\FirkAn00,TEN,26,te,15,1,43,34,0.791,291,8.6,2,15,24,6.8,2.3,19.4,2
162,Kenyan Drake\DrakKe00,LVR,27,rb,12,2,40,30,0.75,291,9.7,1,12,31,7.3,2.5,24.3,1
163,Ameer Abdullah\AbduAm00,2TM,28,,17,1,53,38,0.717,289,7.6,1,13,23,5.5,2.2,17,0
164,Ezekiel Elliott\ElliEz00,DAL,26,RB,17,17,65,47,0.723,287,6.1,2,17,21,4.4,2.8,16.9,1
165,James Washington\WashJa00,PIT,25,wr,15,2,44,24,0.545,285,11.9,2,9,42,6.5,1.6,19,0
166,Jauan Jennings\JennJa00,SFO,24,wr,16,1,38,24,0.632,282,11.8,5,15,34,7.4,1.5,17.6,1
167,Calvin Ridley\RidlCa00,ATL,27,wr,5,5,52,31,0.596,281,9.1,2,16,22,5.4,6.2,56.2,0
168,Ray-Ray McCloud\McClRa00,PIT,25,wr,16,5,66,39,0.591,277,7.1,0,18,24,4.2,2.4,17.3,4
169,Rashard Higgins\HiggRa00,CLE,27,wr,15,4,47,24,0.511,275,11.5,1,16,21,5.9,1.6,18.3,0
170,Devin Duvernay*+\DuveDe00,BAL,24,wr,16,7,47,33,0.702,272,8.2,2,14,21,5.8,2.1,17,1
171,Ricky Seals-Jones\SealRi00,WAS,26,te,13,6,49,30,0.612,271,9,2,14,39,5.5,2.3,20.8,0
172,Devontae Booker\BookDe00,NYG,29,,16,4,45,40,0.889,268,6.7,1,11,41,6,2.5,16.8,0
173,Demarcus Robinson\RobiDe01,KAN,27,wr,17,10,41,25,0.61,264,10.6,3,13,33,6.4,1.5,15.5,0
174,Saquon Barkley\BarkSa00,NYG,24,RB,13,13,57,41,0.719,263,6.4,2,13,54,4.6,3.2,20.2,2
175,Adam Trautman\TrauAd00,NOR,24,te,13,10,43,27,0.628,263,9.7,2,13,32,6.1,2.1,20.2,1
176,Ryan Griffin\GrifRy00,NYJ,31,TE,14,12,42,27,0.643,261,9.7,2,14,29,6.2,1.9,18.6,1
177,Mike Davis\DaviMi01,ATL,28,rb,17,8,58,44,0.759,259,5.9,1,12,20,4.5,2.6,15.2,4
178,Kyle Rudolph\RudoKy00,NYG,32,,16,13,39,26,0.667,257,9.9,1,12,60,6.6,1.6,16.1,0
179,Kenneth Gainwell\GainKe00,PHI,22,rb,16,1,50,33,0.66,253,7.7,1,14,19,5.1,2.1,15.8,2
180,Brandon Zylstra\ZylsBr00,CAR,28,wr,13,3,25,18,0.72,250,13.9,1,10,55,10,1.4,19.2,0
181,John Bates\BateJo00,WAS,24,te,17,8,25,20,0.8,249,12.5,1,11,32,10,1.2,14.6,1
182,Lil'Jordan Humphrey\HumpLi01,NOR,23,wr,10,4,18,13,0.722,249,19.2,2,9,56,13.8,1.3,24.9,0
183,Danny Amendola\AmenDa00,HOU,36,,8,0,38,24,0.632,248,10.3,3,10,39,6.5,3,31,1
184,Cameron Brate\BratCa00,TAM,30,te,17,3,57,30,0.526,245,8.2,4,15,18,4.3,1.8,14.4,0
185,Josiah Deguara\DeguJo00,GNB,24,te,16,2,33,25,0.758,245,9.8,2,9,62,7.4,1.6,15.3,0
186,James O'Shaughnessy\O'ShJa00,JAX,29,te,7,6,34,24,0.706,244,10.2,0,10,30,7.2,3.4,34.9,0
187,Jeremy McNichols\McNiJe00,TEN,26,,14,0,38,28,0.737,240,8.6,1,11,27,6.3,2,17.1,0
188,Myles Gaskin\GaskMy00,MIA,24,rb,17,10,63,49,0.778,234,4.8,4,13,24,3.7,2.9,13.8,2
189,Harrison Bryant\BryaHa00,CLE,23,te,16,3,28,21,0.75,233,11.1,3,14,41,8.3,1.3,14.6,0
190,Will Dissly\DissWi00,SEA,25,TE,15,14,26,21,0.808,231,11,1,11,39,8.9,1.4,15.4,1
191,Tajae Sharpe\SharTa00,ATL,27,wr,15,7,37,25,0.676,230,9.2,0,14,17,6.2,1.7,15.3,0
192,Jamal Agnew\AgneJa00,JAX,26,wr,10,2,39,24,0.615,229,9.5,1,14,29,5.9,2.4,22.9,1
193,Devin Singletary\SingDe00,BUF,24,RB,17,16,50,40,0.8,228,5.7,1,11,19,4.6,2.4,13.4,5
194,Alexander Mattison\MattAl01,MIN,23,rb,16,4,39,32,0.821,228,7.1,1,10,24,5.8,2,14.3,1
195,Chris Moore\MoorCh00,HOU,28,wr,12,1,22,21,0.955,227,10.8,2,6,67,10.3,1.8,18.9,0
196,David Johnson\JohnDa08,HOU,30,rb,13,4,42,32,0.762,225,7,1,11,16,5.4,2.5,17.3,1
197,Dalvin Cook*\CookDa01,MIN,26,RB,13,13,49,34,0.694,224,6.6,0,9,24,4.6,2.6,17.2,3
198,John Ross\RossJo00,NYG,26,wr,10,1,20,11,0.55,224,20.4,1,8,51,11.2,1.1,22.4,1
199,Mack Hollins\HollMa00,MIA,28,wr,17,3,28,14,0.5,223,15.9,4,11,65,8,0.8,13.1,0
200,James Robinson\RobiJa00,JAX,23,RB,14,13,46,31,0.674,222,7.2,0,9,26,4.8,2.2,15.9,4
201,Hayden Hurst\HursHa00,ATL,28,te,13,5,31,26,0.839,221,8.5,3,11,33,7.1,2,17,3
202,Jordan Akins\AkinJo00,HOU,29,te,13,3,33,24,0.727,214,8.9,0,11,31,6.5,1.8,16.5,2
203,Marcedes Lewis\LewiMa00,GNB,37,TE,17,17,28,23,0.821,214,9.3,0,10,23,7.6,1.4,12.6,1
204,Melvin Gordon\GordMe00,DEN,28,RB,16,16,38,28,0.737,213,7.6,2,9,30,5.6,1.8,13.3,3
205,Albert Wilson\WilsAl02,MIA,29,wr,14,5,39,25,0.641,213,8.5,0,10,64,5.5,1.8,15.2,0
206,Tavon Austin\AustTa00,JAX,31,wr,13,3,37,24,0.649,213,8.9,1,11,25,5.8,1.8,16.4,1
207,Cyril Grayson\GrayCy01,TAM,28,wr,5,3,12,10,0.833,212,21.2,2,8,62,17.7,2,42.4,0
208,Cam Sims\SimsCa00,WAS,25,wr,14,3,23,15,0.652,211,14.1,2,11,43,9.2,1.1,15.1,0
209,Geoff Swaim\SwaiGe00,TEN,28,TE,16,16,40,31,0.775,210,6.8,3,12,26,5.3,1.9,13.1,0
210,Antoine Wesley\WeslAn01,ARI,24,wr,15,4,32,19,0.594,208,10.9,3,9,33,6.5,1.3,13.9,0
211,Robert Tonyan\TonyRo00,GNB,27,te,8,5,29,18,0.621,204,11.3,2,10,33,7,2.3,25.5,0
212,Quintez Cephus\CephQu00,DET,23,wr,5,3,22,15,0.682,204,13.6,2,9,46,9.3,3,40.8,0
213,James Proche\ProcJa00,BAL,25,,14,0,20,16,0.8,202,12.6,0,10,32,10.1,1.1,14.4,0
214,Zack Moss\MossZa00,BUF,24,,13,0,32,23,0.719,197,8.6,1,12,24,6.2,1.8,15.2,2
215,Samaje Perine\PeriSa00,CIN,26,,16,0,31,27,0.871,196,7.3,1,9,23,6.3,1.7,12.3,0
216,Logan Thomas\ThomLo00,WAS,30,te,6,6,25,18,0.72,196,10.9,3,10,35,7.8,3,32.7,1
217,Maxx Williams\WillMa04,ARI,27,te,5,5,17,16,0.941,193,12.1,1,9,34,11.4,3.2,38.6,0
218,Devonta Freeman\FreeDe00,BAL,29,rb,16,8,42,34,0.81,190,5.6,1,9,15,4.5,2.1,11.9,0
219,Donald Parham\ParhDo00,LAC,24,te,14,9,27,20,0.741,190,9.5,3,13,22,7,1.4,13.6,0
220,Ian Thomas\ThomIa00,CAR,25,TE,17,13,30,18,0.6,188,10.4,0,6,41,6.3,1.1,11.1,0
221,Rex Burkhead\BurkRe00,HOU,31,rb,16,5,32,25,0.781,186,7.4,0,9,20,5.8,1.6,11.6,1
222,Noah Brown\BrowNo00,DAL,25,wr,13,1,25,16,0.64,184,11.5,0,6,27,7.4,1.2,14.2,0
223,N'Keal Harry\HarrNK00,NWE,24,wr,12,4,22,12,0.545,184,15.3,0,7,43,8.4,1,15.3,1
224,Demetric Felton\FeltDe00,CLE,23,rb,16,2,21,18,0.857,181,10.1,2,10,33,8.6,1.1,11.3,4
225,Tommy Tremble\TremTo00,CAR,21,TE,16,11,35,20,0.571,180,9,1,10,30,5.1,1.3,11.3,0
226,Justin Jackson\JackJu01,LAC,25,rb,14,2,25,22,0.88,178,8.1,0,8,25,7.1,1.6,12.7,1
227,Brevin Jordan\JordBr00,HOU,21,te,9,2,28,20,0.714,178,8.9,3,10,27,6.4,2.2,19.8,0
228,Isaiah McKenzie\McKeIs00,BUF,26,wr,15,2,26,20,0.769,178,8.9,1,13,28,6.8,1.3,11.9,2
229,Mohamed Sanu\SanuMo00,SFO,32,,8,0,24,15,0.625,177,11.8,0,12,21,7.4,1.9,22.1,0
230,Darrell Henderson\HendDa00,LAR,24,rb,12,10,40,29,0.725,176,6.1,3,8,25,4.4,2.4,14.7,0
231,Kendall Hinton\HintKe00,DEN,24,wr,16,1,23,15,0.652,175,11.7,1,10,40,7.6,0.9,10.9,0
232,Chuba Hubbard\HubbCh01,CAR,22,rb,17,10,37,25,0.676,174,7,1,8,33,4.7,1.5,10.2,1
233,Kareem Hunt\HuntKa00,CLE,26,rb,8,1,27,22,0.815,174,7.9,0,10,23,6.4,2.8,21.8,0
234,Nick Chubb*\ChubNi00,CLE,26,RB,14,14,25,20,0.8,174,8.7,1,9,40,7,1.4,12.4,2
235,Tyler Kroft\KrofTy00,NYJ,29,te,9,6,25,16,0.64,173,10.8,1,9,26,6.9,1.8,19.2,0
236,Ashton Dulin\DuliAs00,IND,24,wr,17,1,22,13,0.591,173,13.3,2,9,62,7.9,0.8,10.2,0
237,Pharaoh Brown\BrowPh01,HOU,27,TE,15,12,34,23,0.676,171,7.4,0,6,29,5,1.5,11.4,1
238,Zach Gentry\GentZa00,PIT,25,TE,17,12,25,19,0.76,167,8.8,0,11,25,6.7,1.1,9.8,0
239,Jimmy Graham\GrahJi00,CHI,35,te,15,6,23,14,0.609,167,11.9,3,10,28,7.3,0.9,11.1,0
240,Breshad Perriman\PerrBr02,TAM,28,,6,0,18,11,0.611,167,15.2,1,5,58,9.3,1.8,27.8,0
241,Stephen Anderson\AndeSt01,LAC,28,te,17,4,19,16,0.842,165,10.3,1,9,34,8.7,0.9,9.7,0
242,Dyami Brown\BrowDy00,WAS,22,wr,15,6,25,12,0.48,165,13.8,0,6,48,6.6,0.8,11,0
243,Mark Ingram\IngrMa01,2TM,32,,14,10,35,27,0.771,162,6,0,9,34,4.6,1.9,11.6,1
244,Parris Campbell\CampPa00,IND,24,wr,6,3,20,10,0.5,162,16.2,1,7,51,8.1,1.7,27,0
245,Travis Homer\HomeTr00,SEA,23,,14,0,20,16,0.8,161,10.1,0,8,31,8.1,1.1,11.5,0
246,Isaiah Ford\FordIs00,MIA,25,wr,13,2,17,12,0.706,161,13.4,2,7,52,9.5,0.9,12.4,0
247,Marcus Johnson\JohnMa07,TEN,27,wr,7,3,19,9,0.474,160,17.8,0,7,50,8.4,1.3,22.9,0
248,Juwan Johnson\JohnJu02,NOR,25,te,14,2,22,13,0.591,159,12.2,4,12,27,7.2,0.9,11.4,0
249,Miles Sanders\SandMi01,PHI,24,RB,12,12,34,26,0.765,158,6.1,0,6,25,4.6,2.2,13.2,1
250,Jamaal Williams\WillJa06,DET,26,RB,13,11,28,26,0.929,157,6,0,6,15,5.6,2,12.1,1
251,Jamycal Hasty\HastJa02,SFO,25,,11,0,29,23,0.793,157,6.8,0,7,23,5.4,2.1,14.3,2
252,KhaDarel Hodge\HodgKh00,DET,26,wr,16,1,27,13,0.481,157,12.1,0,7,42,5.8,0.8,9.8,0
253,Derrick Henry\HenrDe00,TEN,27,rb,8,8,20,18,0.9,154,8.6,0,7,16,7.7,2.3,19.3,1
254,DJ Chark\CharDJ00,JAX,25,wr,4,4,22,7,0.318,154,22,2,7,41,7,1.8,38.5,0
255,Chris Evans\EvanCh02,CIN,24,rb,14,1,17,15,0.882,151,10.1,2,6,24,8.9,1.1,10.8,0
256,Malik Turner\TurnMa00,DAL,25,,14,0,16,12,0.75,149,12.4,3,8,61,9.3,0.9,10.6,0
257,MyCole Pruitt\PruiMy00,TEN,29,te,16,9,18,14,0.778,145,10.4,3,10,22,8.1,0.9,9.1,0
258,Terrace Marshall Jr.\MarsTe00,CAR,21,wr,13,3,30,17,0.567,138,8.1,0,7,23,4.6,1.3,10.6,0
259,D'Ernest Johnson\JohnDE04,CLE,25,rb,17,2,25,19,0.76,137,7.2,0,7,18,5.5,1.1,8.1,1
260,Elijah Mitchell\MitcEl00,SFO,23,rb,11,10,20,19,0.95,137,7.2,1,6,14,6.9,1.7,12.5,0
261,O.J. Howard\HowaO.00,TAM,27,te,17,9,21,14,0.667,135,9.6,1,10,21,6.4,0.8,7.9,0
262,Anthony Schwartz\SchwAn00,CLE,21,wr,14,2,23,10,0.435,135,13.5,1,6,44,5.9,0.7,9.6,0
263,DeeJay Dallas\DallDe00,SEA,23,,17,0,23,21,0.913,133,6.3,0,4,29,5.8,1.2,7.8,1
264,Ben Skowronek\SkowBe00,LAR,24,wr,14,1,20,11,0.55,133,12.1,0,7,35,6.7,0.8,9.5,0
265,Nick Vannett\VannNi00,NOR,28,te,7,2,15,9,0.6,133,14.8,1,7,30,8.9,1.3,19,0
266,Denzel Mims\MimsDe00,NYJ,24,wr,11,3,23,8,0.348,133,16.6,0,5,40,5.8,0.7,12.1,0
267,Damien Harris\HarrDa06,NWE,24,RB,15,15,21,18,0.857,132,7.3,0,4,21,6.3,1.2,8.8,2
268,Jakeem Grant*\GranJa00,2TM,29,,15,0,17,11,0.647,132,12,2,7,46,7.8,0.7,8.8,3
269,Clyde Edwards-Helaire\EdwaCl00,KAN,22,rb,10,10,23,19,0.826,129,6.8,2,8,29,5.6,1.9,12.9,2
270,JuJu Smith-Schuster\SmitJu00,PIT,25,,5,5,28,15,0.536,129,8.6,0,6,24,4.6,3,25.8,0
271,Sony Michel\MichSo00,LAR,26,rb,17,7,33,21,0.636,128,6.1,1,6,24,3.9,1.2,7.5,1
272,C.J. Ham\HamxC.00,MIN,28,fb,17,8,18,17,0.944,125,7.4,0,6,27,6.9,1,7.4,0
273,Giovani Bernard\BernGi00,TAM,30,,12,0,29,23,0.793,123,5.3,3,8,32,4.2,1.9,10.3,1
274,Rhamondre Stevenson\StevRh00,NWE,23,rb,12,2,18,14,0.778,123,8.8,0,3,41,6.8,1.2,10.3,2
275,D'Onta Foreman\ForeDO00,TEN,25,rb,9,3,11,9,0.818,123,13.7,0,6,39,11.2,1,13.7,2
276,Salvon Ahmed\AhmeSa01,MIA,23,,12,0,19,12,0.632,117,9.8,0,4,18,6.2,1,9.8,0
277,Brock Wright\WrigBr01,DET,23,te,10,5,17,12,0.706,117,9.8,2,6,36,6.9,1.2,11.7,0
278,Ihmir Smith-Marsette\SmitIh00,MIN,22,wr,8,1,6,5,0.833,116,23.2,2,4,44,19.3,0.6,14.5,0
279,Dare Ogunbowale\OgunDa00,JAX,27,rb,17,2,21,13,0.619,114,8.8,1,3,28,5.4,0.8,6.7,0
280,Jeff Smith\SmitJe03,NYJ,24,wr,12,3,17,8,0.471,113,14.1,0,6,35,6.6,0.7,9.4,0
281,Adam Shaheen\ShahAd00,MIA,27,te,12,7,16,12,0.75,110,9.2,0,5,21,6.9,1,9.2,0
282,Phillip Dorsett\DorsPh00,3TM,28,,6,0,14,7,0.5,110,15.7,0,3,36,7.9,1.2,18.3,0
283,Jerick McKinnon\McKiJe00,KAN,29,,13,0,20,13,0.65,107,8.2,1,6,14,5.4,1,8.2,0
284,Kylen Granson\GranKy00,IND,23,,17,0,15,11,0.733,106,9.6,0,4,27,7.1,0.6,6.2,0
285,Collin Johnson\JohnCo01,NYG,24,wr,12,1,21,11,0.524,105,9.5,0,6,16,5,0.9,8.8,0
286,Derrick Gore\GoreDe00,KAN,27,,11,0,9,8,0.889,105,13.1,0,3,50,11.7,0.7,9.5,0
287,Shi Smith\SmitSh03,CAR,23,,6,0,11,6,0.545,104,17.3,0,3,63,9.5,1,17.3,0
288,Damien Williams\WillDa05,CHI,29,rb,12,2,23,16,0.696,103,6.4,1,3,23,4.5,1.3,8.6,0
289,Trinity Benson\BensTr00,DET,24,wr,8,2,22,10,0.455,103,10.3,0,4,24,4.7,1.3,12.9,0
290,Equanimeous St. Brown\St.BEq00,GNB,25,wr,13,2,17,9,0.529,98,10.9,0,6,26,5.8,0.7,7.5,0
291,Khalil Herbert\HerbKh00,CHI,23,rb,17,2,16,14,0.875,96,6.9,0,6,20,6,0.8,5.6,1
292,Blake Jarwin\JarwBl00,DAL,27,,8,5,17,11,0.647,96,8.7,2,5,20,5.6,1.4,12,0
293,Ty Montgomery\MontTy01,NOR,28,wr,14,3,26,16,0.615,95,5.9,0,5,21,3.7,1.1,6.8,0
294,Greg Ward\WardGr02,PHI,26,,17,0,11,7,0.636,95,13.6,3,4,27,8.6,0.4,5.6,0
295,James White\WhitJa02,NWE,29,,3,0,14,12,0.857,94,7.8,0,5,28,6.7,4,31.3,0
296,Dontrell Hilliard\HillDo00,TEN,26,rb,8,5,26,19,0.731,87,4.6,0,7,28,3.3,2.4,10.9,2
297,Dante Pettis\PettDa00,NYG,26,,3,0,16,10,0.625,87,8.7,1,5,27,5.4,3.3,29,1
298,Blake Bell\BellBl00,KAN,30,te,16,5,13,9,0.692,87,9.7,0,4,24,6.7,0.6,5.4,0
299,Alex Collins\CollAl00,SEA,27,rb,11,6,10,9,0.9,87,9.7,0,3,28,8.7,0.8,7.9,1
300,Trent Sherfield\SherTr00,SFO,25,wr,17,1,20,9,0.45,87,9.7,1,7,18,4.4,0.5,5.1,0
301,Alec Ingold\IngoAl01,LVR,25,fb,9,3,12,10,0.833,85,8.5,1,4,29,7.1,1.1,9.4,0
302,Eric Ebron\EbroEr00,PIT,28,,8,3,18,12,0.667,84,7,1,6,19,4.7,1.5,10.5,0
303,Ty'Son Williams\WillTy01,BAL,25,rb,13,3,12,9,0.75,84,9.3,0,4,21,7,0.7,6.5,1
304,Boston Scott\ScotBo02,PHI,26,rb,16,4,16,13,0.813,83,6.4,0,3,19,5.2,0.8,5.2,1
305,Dax Milne\MilnDa00,WAS,22,wr,13,1,14,9,0.643,83,9.2,0,4,22,5.9,0.7,6.4,1
306,Drew Sample\SampDr00,CIN,25,te,17,8,15,11,0.733,81,7.4,0,3,19,5.4,0.6,4.8,0
307,Royce Freeman\FreeRo00,2TM,25,,15,0,16,10,0.625,77,7.7,0,4,12,4.8,0.7,5.1,0
308,Latavius Murray\MurrLa00,BAL,31,rb,14,6,13,10,0.769,75,7.5,0,2,18,5.8,0.7,5.4,0
309,KJ Hamler\HamlKJ00,DEN,22,wr,3,2,10,5,0.5,74,14.8,0,4,28,7.4,1.7,24.7,0
310,Jaret Patterson\PattJa01,WAS,22,rb,17,1,11,10,0.909,73,7.3,0,5,12,6.6,0.6,4.3,1
311,Jalen Richard\RichJa01,LVR,28,,10,0,14,12,0.857,72,6,0,4,19,5.1,1.2,7.2,0
312,Matt Breida\BreiMa00,BUF,26,,9,0,9,7,0.778,72,10.3,2,4,23,8,0.8,8,1
313,Chris Manhertz\ManhCh00,JAX,29,te,17,10,9,6,0.667,71,11.8,1,4,22,7.9,0.4,4.2,0
314,Preston Williams\WillPr01,MIA,24,wr,8,3,16,6,0.375,71,11.8,0,3,34,4.4,0.8,8.9,0
315,Dede Westbrook\WestDe00,MIN,28,,15,0,15,10,0.667,68,6.8,0,3,17,4.5,0.7,4.5,2
316,Kenny Stills\StilKe00,NOR,29,wr,13,4,23,6,0.261,68,11.3,1,4,22,3,0.5,5.2,0
317,Peyton Barber\BarbPe01,LVR,27,rb,10,1,13,10,0.769,67,6.7,0,3,23,5.2,1,6.7,2
318,Josh Oliver\OlivJo00,BAL,24,te,14,1,15,9,0.6,66,7.3,0,4,19,4.4,0.6,4.7,1
319,Carlos Hyde\HydeCa00,JAX,31,,12,2,21,12,0.571,65,5.4,0,1,9,3.1,1,5.4,2
320,Lee Smith\SmitLe00,ATL,34,,16,6,11,9,0.818,65,7.2,1,3,22,5.9,0.6,4.1,0
321,D'Wayne Eskridge\EskrDW00,SEA,24,,10,0,20,10,0.5,64,6.4,1,4,17,3.2,1,6.4,0
322,Ronald Jones II\JoneRo01,TAM,24,rb,16,3,13,10,0.769,64,6.4,0,2,15,4.9,0.6,4,2
323,Ja'Marcus Bradley\BradJa01,CLE,25,,5,0,4,4,1,64,16,0,2,37,16,0.8,12.8,0
324,Patrick Ricard*\RicaPa00,BAL,27,FB,13,11,13,8,0.615,63,7.9,1,3,22,4.8,0.6,4.8,0
325,Jesse James\JameJe00,CHI,27,te,14,9,8,7,0.875,62,8.9,1,3,19,7.8,0.5,4.4,0
326,Godwin Igwebuike\IgweGo00,DET,27,rb,17,1,10,7,0.7,60,8.6,0,4,18,6,0.4,3.5,2
327,Penny Hart\HartPe01,SEA,25,,17,0,12,7,0.583,59,8.4,0,3,16,4.9,0.4,3.5,0
328,Juwann Winfree\WinfJu00,GNB,25,,7,0,13,8,0.615,58,7.3,0,5,12,4.5,1.1,8.3,2
329,Keith Smith\SmitKe03,ATL,29,fb,17,8,10,9,0.9,56,6.2,0,3,11,5.6,0.5,3.3,0
330,Luke Farrell\FarrLu00,JAX,24,te,15,4,11,7,0.636,56,8,0,3,21,5.1,0.5,3.7,1
331,Jason Moore\MoorJa02,LAC,26,wr,2,1,4,3,0.75,56,18.7,0,3,24,14,1.5,28,0
332,Jacob Hollister\HollJa03,JAX,28,te,7,2,14,9,0.643,55,6.1,1,2,11,3.9,1.3,7.9,0
333,Alex Erickson\EricAl01,CAR,29,,17,0,4,3,0.75,55,18.3,0,2,25,13.8,0.2,3.2,0
334,Tom Kennedy\KennTo01,DET,25,,12,0,10,6,0.6,54,9,0,2,15,5.4,0.5,4.5,0
335,Craig Reynolds\ReynCr00,DET,25,,5,2,8,7,0.875,52,7.4,0,3,14,6.5,1.4,10.4,0
336,Mike Thomas\ThomMi04,CIN,27,wr,12,1,11,5,0.455,52,10.4,0,3,19,4.7,0.4,4.3,0
337,Charlie Woerner\WoerCh00,SFO,24,te,17,3,6,5,0.833,52,10.4,0,3,27,8.7,0.3,3.1,0
338,Taysom Hill\HillTa00,NOR,31,qb,12,9,6,4,0.667,52,13,0,4,15,8.7,0.3,4.3,2
339,C.J. Board\BoarC.00,NYG,28,wr,6,1,6,4,0.667,51,12.8,0,3,38,8.5,0.7,8.5,0
340,Ross Dwelley\DwelRo00,SFO,26,te,17,2,5,4,0.8,51,12.8,1,2,21,10.2,0.2,3,0
341,Tevin Coleman\ColeTe01,NYJ,28,rb,11,5,16,11,0.688,49,4.5,0,2,11,3.1,1,4.5,0
342,Dez Fitzpatrick\FitzDe00,TEN,24,,4,0,8,5,0.625,49,9.8,1,4,18,6.1,1.3,12.3,0
343,Rashaad Penny\PennRa00,SEA,25,rb,10,6,8,6,0.75,48,8,0,3,27,6,0.6,4.8,0
344,Rodney Smith\SmitRo08,CAR,25,,2,0,5,5,1,48,9.6,0,2,17,9.6,2.5,24,0
345,Eric Saubert\SaubEr00,DEN,27,te,17,4,12,8,0.667,47,5.9,1,2,11,3.9,0.5,2.8,0
346,Antony Auclair\AuclAn00,HOU,28,TE,16,13,5,5,1,47,9.4,1,2,15,9.4,0.3,2.9,0
347,Joe Fortson\FortJo01,KAN,26,,6,0,5,5,1,47,9.4,2,3,27,9.4,0.8,7.8,0
348,Tre' McKitty\McKiTr00,LAC,22,te,11,4,8,6,0.75,45,7.5,0,3,12,5.6,0.5,4.1,0
349,Phillip Lindsay\LindPh00,2TM,27,,14,1,5,4,0.8,45,11.3,1,1,22,9,0.3,3.2,0
350,Amari Rodgers\RodgAm00,GNB,22,wr,16,1,8,4,0.5,45,11.3,0,2,19,5.6,0.3,2.8,2
351,Tommy Sweeney\SweeTo00,BUF,26,te,13,3,12,9,0.75,44,4.9,1,3,13,3.7,0.7,3.4,1
352,Jaelon Darden\DardJa00,TAM,22,,9,0,12,6,0.5,43,7.2,0,1,29,3.6,0.7,4.8,0
353,Parker Hesse\HessPa00,ATL,26,te,8,1,6,5,0.833,43,8.6,0,3,17,7.2,0.6,5.4,0
354,Darren Fells\FellDa01,2TM,35,,9,5,5,4,0.8,43,10.8,0,2,24,8.6,0.4,4.8,0
355,Jakob Johnson\JohnJa12,NWE,27,fb,17,6,5,4,0.8,43,10.8,0,2,29,8.6,0.2,2.5,0
356,Eno Benjamin\BenjEn00,ARI,22,,9,0,7,6,0.857,42,7,0,4,12,6,0.7,4.7,0
357,Kristian Wilkerson\WilkKr00,NWE,24,wr,3,1,8,4,0.5,42,10.5,2,2,20,5.3,1.3,14,0
358,Chris Hogan\HogaCh00,NOR,34,,5,1,8,4,0.5,41,10.3,1,2,16,5.1,0.8,8.2,0
359,Duke Johnson\JohnDu00,MIA,28,rb,5,4,5,4,0.8,41,10.3,0,3,20,8.2,0.8,8.2,0
360,Trent Taylor\TaylTr02,CIN,27,,4,0,3,2,0.667,41,20.5,0,2,26,13.7,0.5,10.3,0
361,Chris Herndon\HernCh00,MIN,25,te,16,5,7,4,0.571,40,10,1,4,17,5.7,0.3,2.5,0
362,Garrett Griffin\GrifGa00,NOR,27,te,13,6,4,4,1,39,9.8,0,2,14,9.8,0.3,3,1
363,Auden Tate\TateAu00,CIN,24,,7,0,4,3,0.75,39,13,1,3,18,9.8,0.4,5.6,0
364,Joshua Kelley\KellJo01,LAC,24,,10,0,6,5,0.833,38,7.6,0,1,17,6.3,0.5,3.8,1
365,Scott Miller\MillSc01,TAM,24,,9,0,9,5,0.556,38,7.6,0,2,13,4.2,0.6,4.2,0
366,Willie Snead\SneaWi00,2TM,29,,9,0,8,4,0.5,38,9.5,0,3,15,4.8,0.4,4.2,0
367,Kevin White\WhitKe00,NOR,29,wr,6,1,5,1,0.2,38,38,0,1,38,7.6,0.2,6.3,0
368,Kendall Blanton\BlanKe01,LAR,26,te,11,2,7,4,0.571,37,9.3,0,2,23,5.3,0.4,3.4,1
369,Noah Gray\GrayNo00,KAN,22,te,16,1,10,7,0.7,36,5.1,1,2,8,3.6,0.4,2.3,0
370,D.J. Montgomery\MontDJ01,NYJ,25,,3,0,6,3,0.5,36,12,0,2,14,6,1,12,0
371,JJ Arcega-Whiteside\ArceJJ00,PHI,25,wr,16,2,5,2,0.4,36,18,0,2,23,7.2,0.1,2.3,0
372,Kenny Yeboah\YeboKe00,NYJ,23,,9,0,3,2,0.667,36,18,0,2,24,12,0.2,4,0
373,Tyler Davis\DaviTy02,GNB,24,,14,0,5,4,0.8,35,8.8,0,1,22,7,0.3,2.5,0
374,Trevon Wesco\WescTr00,NYJ,26,te,12,7,5,3,0.6,35,11.7,0,2,19,7,0.3,2.9,0
375,Andre Roberts\RobeAn00,2TM,33,,16,0,2,1,0.5,35,35,0,1,35,17.5,0.1,2.2,3
376,Jonathan Ward\WardJo00,ARI,24,,13,0,4,3,0.75,34,11.3,0,1,23,8.5,0.2,2.6,0
377,Shane Zylstra\ZylsSh00,DET,25,,4,0,7,3,0.429,34,11.3,0,2,16,4.9,0.8,8.5,0
378,Dominique Dafney\DafnDo00,GNB,24,te,10,2,4,2,0.5,34,17,0,2,26,8.5,0.2,3.4,0
379,Trenton Irwin\IrwiTr00,CIN,26,,7,0,5,2,0.4,34,17,0,1,25,6.8,0.3,4.9,0
380,Seth Williams\WillSe00,DEN,21,wr,2,1,1,1,1,34,34,0,1,34,34,0.5,17,0
381,Colby Parkinson\ParkCo02,SEA,22,te,14,1,8,5,0.625,33,6.6,0,2,12,4.1,0.4,2.4,0
382,Cody White\WhitCo05,PIT,23,,15,0,6,5,0.833,33,6.6,0,3,11,5.5,0.3,2.2,0
383,Pharoh Cooper\CoopPh00,NYG,26,,8,0,11,4,0.364,33,8.3,0,1,15,3,0.5,4.1,0
384,Cody Hollister\HollCo00,TEN,28,wr,3,1,7,4,0.571,33,8.3,0,4,14,4.7,1.3,11,0
385,Kaden Smith\SmitKa00,NYG,24,,9,4,3,3,1,33,11,0,1,21,11,0.3,3.7,0
386,Josh Gordon\GordJo02,KAN,30,wr,12,7,14,5,0.357,32,6.4,1,3,11,2.3,0.4,2.7,0
387,Jeff Wilson\WilsJe01,SFO,26,rb,9,4,8,7,0.875,31,4.4,0,1,11,3.9,0.8,3.4,1
388,Michael Burton\BurtMi00,KAN,29,,16,0,3,3,1,31,10.3,0,2,20,10.3,0.2,1.9,0
389,Tommy Hudson\HudsTo00,TEN,24,,5,0,6,3,0.5,31,10.3,0,2,14,5.2,0.6,6.2,0
390,Jeremy Sprinkle\SpriJe00,DAL,27,te,17,4,3,3,1,31,10.3,0,2,11,10.3,0.2,1.8,0
391,Gunner Olszewski\OlszGu00,NWE,25,,16,0,3,2,0.667,31,15.5,0,2,22,10.3,0.1,1.9,3
392,Elijhaa Penny\PennEl00,NYG,28,rb,17,3,13,9,0.692,30,3.3,1,4,16,2.3,0.5,1.8,0
393,Le'Veon Bell\BellLe00,2TM,29,,8,0,7,5,0.714,30,6,1,3,15,4.3,0.6,3.8,0
394,K.J. Hill\HillKJ00,LAC,24,,6,0,3,3,1,30,10,0,1,19,10,0.5,5,0
395,Chris Carson\CarsCh00,SEA,27,rb,4,4,6,6,1,29,4.8,0,1,16,4.8,1.5,7.3,1
396,Corey Clement\ClemCo00,DAL,27,,17,0,7,6,0.857,29,4.8,1,1,8,4.1,0.4,1.7,0
397,Tony Jones\JoneTo04,NOR,24,rb,11,4,8,5,0.625,29,5.8,0,2,19,3.6,0.5,2.6,0
398,Daniel Brown\BrowDa04,NYJ,29,,12,0,2,2,1,29,14.5,0,1,24,14.5,0.2,2.4,0
399,Jonathan Williams\WillJo07,WAS,27,,5,0,6,4,0.667,28,7,0,2,19,4.7,0.8,5.6,0
400,Jake Kumerow\KumeJa00,BUF,29,wr,15,2,6,2,0.333,28,14,0,2,15,4.7,0.1,1.9,0
401,Curtis Samuel\SamuCu00,WAS,25,wr,5,1,9,6,0.667,27,4.5,0,4,10,3,1.2,5.4,0
402,Sean McKeon\McKeSe01,DAL,24,te,9,2,6,4,0.667,27,6.8,1,2,12,4.5,0.4,3,0
403,Will Fuller\FullWi01,MIA,27,,2,0,8,4,0.5,26,6.5,0,3,10,3.3,2,13,0
404,Ke'Shawn Vaughn\VaugKe00,TAM,24,rb,12,1,8,4,0.5,26,6.5,0,1,8,3.3,0.3,2.2,0
405,Trey Sermon\SermTr00,SFO,22,rb,9,2,4,3,0.75,26,8.7,0,1,23,6.5,0.3,2.9,0
406,Mike Strachan\StraMi03,IND,24,,6,0,3,2,0.667,26,13,0,2,16,8.7,0.3,4.3,0
407,Anthony Miller\MillAn02,2TM,27,,3,1,12,6,0.5,25,4.2,1,3,10,2.1,2,8.3,0
408,Christian Blake\BlakCh00,ATL,25,,16,0,9,4,0.444,25,6.3,0,2,8,2.8,0.3,1.6,0
409,Marcus Kemp\KempMa00,KAN,26,,16,0,5,2,0.4,24,12,0,1,16,4.8,0.1,1.5,0
410,Jermar Jefferson\JeffJe00,DET,21,,7,0,5,4,0.8,23,5.8,0,2,11,4.6,0.6,3.3,0
411,Reggie Gilliam\GillRe00,BUF,24,fb,16,5,5,3,0.6,23,7.7,0,0,8,4.6,0.2,1.4,0
412,Dazz Newsome\NewsDa00,CHI,22,wr,3,1,5,2,0.4,23,11.5,0,1,13,4.6,0.7,7.7,0
413,Tylan Wallace\WallTy00,BAL,22,wr,17,1,6,2,0.333,23,11.5,0,1,18,3.8,0.1,1.4,0
414,Wendell Smallwood\SmalWe00,WAS,27,,3,0,5,4,0.8,22,5.5,0,0,7,4.4,1.3,7.3,0
415,Jack Stoll\StolJa00,PHI,23,te,16,5,5,4,0.8,22,5.5,0,0,9,4.4,0.3,1.4,0
416,Tyree Jackson\JackTy01,PHI,24,te,9,3,7,3,0.429,22,7.3,1,2,13,3.1,0.3,2.4,0
417,Mike Boone\BoonMi00,DEN,26,,8,0,2,2,1,22,11,0,1,19,11,0.3,2.8,0
418,Jesper Horsted\HorsJe00,CHI,24,,7,0,3,2,0.667,21,10.5,2,2,19,7,0.3,3,0
419,Dezmon Patmon\PatmDe00,IND,23,,8,0,4,2,0.5,21,10.5,1,1,14,5.3,0.3,2.6,0
420,Garrett Bradbury\BradGa00,MIN,26,C,13,13,1,1,1,21,21,0,1,21,21,0.1,1.6,0
421,Wayne Gallman\GallWa00,2TM,27,,8,0,3,1,0.333,21,21,0,1,21,7,0.1,2.6,0
422,Nick Bawden\BawdNi00,NYJ,25,fb,9,1,1,1,1,20,20,0,1,20,20,0.1,2.2,0
423,Jordan Howard\HowaJo00,PHI,27,,7,0,5,2,0.4,19,9.5,0,2,10,3.8,0.3,2.7,0
424,Keith Kirkwood\KirkKe00,CAR,27,,3,0,7,3,0.429,17,5.7,0,1,7,2.4,1,5.7,0
425,Patrick Laird\LairPa00,MIA,26,,6,0,3,3,1,17,5.7,0,2,10,5.7,0.5,2.8,0
426,Chris Myarick\MyarCh00,NYG,26,te,8,3,6,3,0.5,17,5.7,1,2,10,2.8,0.4,2.1,0
427,Gabe Nabers\NabeGa00,LAC,24,fb,10,1,3,3,1,17,5.7,0,0,8,5.7,0.3,1.7,0
428,David Sills\SillDa01,NYG,25,wr,4,1,6,2,0.333,17,8.5,0,1,12,2.8,0.5,4.3,0
429,Davion Davis\DaviDa03,HOU,25,wr,2,1,3,1,0.333,17,17,0,1,17,5.7,0.5,8.5,0
430,Bobby Price\PricBo00,DET,23,s,15,2,1,1,1,17,17,0,1,17,17,0.1,1.1,0
431,Jason Cabinda\CabiJa00,DET,25,fb,14,4,7,4,0.571,16,4,1,2,6,2.3,0.3,1.1,0
432,Ryquell Armstead\ArmsRy00,JAX,25,,2,0,4,3,0.75,16,5.3,0,1,9,4,1.5,8,0
433,Adam Prentice\PrenAd00,NOR,24,fb,7,3,3,3,1,16,5.3,0,1,10,5.3,0.4,2.3,0
434,Mitchell Wilcox\WilcMi01,CIN,25,te,15,1,5,3,0.6,16,5.3,0,0,8,3.2,0.2,1.1,0
435,Cethan Carter\CartCe00,MIA,26,te,16,1,2,2,1,16,8,0,0,8,8,0.1,1,0
436,Tyron Johnson\JohnTy03,2TM,25,,10,0,5,2,0.4,16,8,0,1,10,3.2,0.2,1.6,0
437,Daniel Jones\JoneDa05,NYG,24,QB,11,11,1,1,1,16,16,0,1,16,16,0.1,1.5,7
438,Greg Dortch\DortGr01,ARI,23,wr,5,2,3,3,1,15,5,0,0,10,5,0.6,3,0
439,Derek Watt\WattDe00,PIT,29,fb,17,4,3,3,1,15,5,0,0,9,5,0.2,0.9,0
440,Cameron Batson\BatsCa00,TEN,26,,4,0,5,2,0.4,15,7.5,1,2,13,3,0.5,3.8,0
441,Jaylen Samuels\SamuJa00,HOU,25,,3,0,4,3,0.75,14,4.7,0,1,6,3.5,1,4.7,0
442,Malik Taylor\TaylMa01,GNB,26,,10,0,3,2,0.667,14,7,0,1,7,4.7,0.2,1.4,1
443,Tyrell Williams\WillTy00,DET,29,,1,1,3,2,0.667,14,7,0,1,7,4.7,2,14,0
444,Frank Darby\DarbFr00,ATL,24,,10,0,4,1,0.25,14,14,0,1,14,3.5,0.1,1.4,0
445,Derek Carrier\CarrDe00,LVR,31,te,5,1,2,2,1,13,6.5,0,0,9,6.5,0.4,2.6,0
446,Benny Snell Jr.\SnelBe00,PIT,23,,17,0,4,2,0.5,13,6.5,0,0,7,3.3,0.1,0.8,0
447,Andy Isabella\IsabAn00,ARI,25,,8,0,1,1,1,13,13,0,1,13,13,0.1,1.6,0
448,Kirk Merritt\MerrKi00,MIA,24,,2,0,3,1,0.333,13,13,0,1,13,4.3,0.5,6.5,0
449,Qadree Ollison\OlliQa00,ATL,25,,8,0,6,4,0.667,12,3,0,1,8,2,0.5,1.5,1
450,Reggie Bonnafon\BonnRe00,CAR,25,,4,0,2,2,1,12,6,0,1,6,6,0.5,3,0
451,Luke Stocker\StocLu00,MIN,33,,12,0,2,2,1,12,6,0,0,7,6,0.2,1,0
452,Dwayne Washington\WashDw00,NOR,27,,14,0,2,2,1,12,6,0,0,6,6,0.1,0.9,0
453,Darrynton Evans\EvanDa02,TEN,23,,1,0,2,2,1,11,5.5,0,1,6,5.5,2,11,0
454,Stanley Morgan Jr.\MorgSt02,CIN,25,wr,17,1,4,2,0.5,11,5.5,0,0,8,2.8,0.1,0.6,0
455,Richard Rodgers\RodgRi00,PHI,29,,3,0,2,2,1,11,5.5,0,0,9,5.5,0.7,3.7,0
456,C.J. Saunders\SaunCJ00,CAR,25,,2,0,2,2,1,11,5.5,0,1,8,5.5,1,5.5,0
457,Anthony McFarland Jr.\McFaAn00,PIT,22,,2,0,1,1,1,11,11,0,1,11,11,0.5,5.5,0
458,Cam Akers\AkerCa00,LAR,22,,1,0,3,3,1,10,3.3,0,0,6,3.3,3,10,0
459,Malcolm Brown\BrowMa03,MIA,28,rb,7,3,5,3,0.6,10,3.3,0,0,7,2,0.4,1.4,0
460,Demetrius Harris\HarrDe03,ARI,30,te,14,4,6,3,0.5,10,3.3,0,0,7,1.7,0.2,0.7,0
461,Jaydon Mickens\MickJa01,2TM,27,,11,0,3,2,0.667,10,5,0,1,12,3.3,0.2,0.9,1
462,Tarik Black\BlacTa00,NYJ,23,,1,0,2,1,0.5,10,10,0,1,10,5,1,10,0
463,Marvin Hall\HallMa02,ATL,28,,2,0,1,1,1,10,10,0,1,10,10,0.5,5,0
464,Kene Nwangwu\NwanKe00,MIN,23,,11,0,5,4,0.8,9,2.3,0,0,6,1.8,0.4,0.8,0
465,Andy Janovich\JanoAn00,CLE,28,fb,13,3,4,3,0.75,9,3,0,1,3,2.3,0.2,0.7,0
466,Scottie Phillips\PhilSc01,HOU,24,,3,0,3,2,0.667,9,4.5,0,0,8,3,0.7,3,0
467,Austin Walter\WaltAu00,NYJ,25,,4,0,3,2,0.667,9,4.5,0,1,11,3,0.5,2.3,0
468,Brycen Hopkins\HopkBr01,LAR,24,,5,0,1,1,1,9,9,0,1,9,9,0.2,1.8,0
469,Johnny Mundt\MundJo00,LAR,27,,6,0,1,1,1,9,9,0,1,9,9,0.2,1.5,0
470,Adrian Peterson\PeteAd01,2TM,36,,4,3,4,4,1,8,2,0,0,5,2,1,2,1
471,J.J. Taylor\TaylJJ01,NWE,23,,5,0,4,4,1,8,2,0,0,5,2,0.8,1.6,1
472,Kalen Ballage\BallKa00,PIT,26,,17,0,7,2,0.286,8,4,0,0,6,1.1,0.1,0.5,0
473,Marlon Mack\MackMa00,IND,25,,6,0,5,2,0.4,8,4,0,0,7,1.6,0.3,1.3,0
474,Racey McMath\McMaRa00,TEN,22,,9,0,6,2,0.333,8,4,0,0,9,1.3,0.2,0.9,1
475,Kevin Rader\RadeKe00,PIT,26,te,6,1,3,2,0.667,8,4,0,0,7,2.7,0.3,1.3,0
476,Ethan Wolf\WolfEt00,NOR,26,te,2,1,2,2,1,8,4,0,0,4,4,1,4,0
477,Hunter Long\LongHu00,MIA,23,te,7,2,3,1,0.333,8,8,0,0,8,2.7,0.1,1.1,0
478,Johnny Stanton\StanJo02,CLE,27,,4,0,2,2,1,7,3.5,1,1,6,3.5,0.5,1.8,0
479,Tommylee Lewis\LewiTo00,MIA,29,,2,0,2,1,0.5,7,7,0,1,7,3.5,0.5,3.5,0
480,Devine Ozigbo\OzigDe01,2TM,25,,3,0,1,1,1,7,7,0,1,7,7,0.3,2.3,0
481,Eric Tomlinson\TomlEr01,BAL,29,te,17,7,1,1,1,7,7,0,0,7,7,0.1,0.4,0
482,Trey Ragas\RagaTr00,LVR,25,,1,0,2,2,1,6,3,0,0,4,3,2,6,0
483,Miles Boykin\BoykMi00,BAL,25,,8,0,1,1,1,6,6,0,0,6,6,0.1,0.8,0
484,Gary Brightwell\BrigGa00,NYG,22,,13,0,1,1,1,6,6,0,0,6,6,0.1,0.5,0
485,Amani Hooker\HookAm00,TEN,23,DB,12,12,1,1,1,6,6,0,1,6,6,0.1,0.5,0
486,Keke Coutee\CoutKe00,IND,24,,2,0,1,1,1,5,5,0,0,5,5,0.5,2.5,0
487,Kylin Hill\HillKy00,GNB,23,,8,0,2,1,0.5,5,5,0,0,5,2.5,0.1,0.6,0
488,Lane Johnson\JohnLa01,PHI,31,T,13,13,1,1,1,5,5,1,1,5,5,0.1,0.4,0
489,Easop Winston\WinsEa00,NOR,25,,3,1,1,1,1,5,5,0,0,5,5,0.3,1.7,0
490,Khari Blasingame\BlasKh00,TEN,25,fb,11,3,2,2,1,4,2,0,0,5,2,0.2,0.4,1
491,Taylor Decker\DeckTa00,DET,28,t,9,9,2,2,1,4,2,1,1,6,2,0.2,0.4,0
492,Nick Bellore\BellNi01,SEA,32,,17,0,1,1,1,4,4,0,0,4,4,0.1,0.2,0
493,Ryan Nall\NallRy00,CHI,26,,9,0,1,1,1,4,4,0,0,4,4,0.1,0.4,0
494,Trayveon Williams\WillTr06,CIN,24,,5,0,2,1,0.5,4,4,0,0,4,2,0.2,0.8,0
495,Patrick Taylor\TaylPa01,GNB,23,,9,0,2,2,1,3,1.5,0,1,3,1.5,0.2,0.3,0
496,Nick Boyle\BoylNi00,BAL,28,te,5,3,2,1,0.5,2,2,0,0,2,1,0.2,0.4,0
497,Danny Pinter\PintDa00,IND,25,g,16,3,1,1,1,2,2,1,1,2,2,0.1,0.1,0
498,Andrew Thomas\ThomAn02,NYG,22,T,13,13,1,1,1,2,2,1,1,2,2,0.1,0.2,0
499,Alex Armah\ArmaAl00,2TM,27,,11,2,1,1,1,1,1,1,1,1,1,0.1,0.1,0
500,Drew Lock\LockDr00,DEN,25,qb,6,3,1,1,1,1,1,0,0,1,1,0.2,0.2,2
501,Conor McDermott\McDeCo00,NYJ,29,ol,6,3,1,1,1,1,1,1,1,1,1,0.2,0.2,0
502,Terence Steele\SteeTe01,DAL,24,T,16,13,1,1,1,1,1,1,1,1,1,0.1,0.1,0
503,Christian Wilkins\WilkCh00,MIA,26,DT,17,17,1,1,1,1,1,1,1,1,1,0.1,0.1,1
504,Darrell Daniels\DaniDa02,ARI,27,te,15,4,4,1,0.25,0,0,0,0,0,0,0.1,0,0
505,Deon Yelder\YeldDe00,TAM,26,,5,0,1,1,1,0,0,0,0,0,0,0.2,0,0
506,Daniel Helm\HelmDa01,LVR,26,te,9,1,2,1,0.5,-1,-1,0,0,0,-0.5,0.1,-0.1,0
507,Larry Rountree\RounLa00,LAC,22,,12,0,2,1,0.5,-1,-1,0,0,0,-0.5,0.1,-0.1,0
508,Taylor Heinicke\HeinTa00,WAS,28,QB,16,15,1,1,1,-2,-2,0,0,-2,-2,0.1,-0.1,7
509,Mike Remmers\RemmMi00,KAN,32,t,4,2,1,1,1,-2,-2,0,0,-2,-2,0.3,-0.5,0
510,Diontae Spencer\SpenDi00,DEN,29,,15,0,4,1,0.25,-3,-3,0,0,0,-0.8,0.1,-0.2,2
511,Aaron Rodgers*+\RodgAa00,GNB,38,QB,16,16,1,1,1,-4,-4,0,0,-4,-4,0.1,-0.3,3
